sep=,
Nome,Empresa,Qualificação,Funil de vendas,Etapa,Estado,Motivo de Perda,Valor Único,Valor Recorrente,Pausada,Data de criação,Hora de criação,Data do primeiro contato,Hora do primeiro contato,Data do último contato,Hora do último contato,Data da próxima tarefa,Hora da próxima tarefa,Previsão de fechamento,Data de fechamento,Hora de fechamento,Fonte,Campanha,Responsável,Produtos,Equipes do responsável,Anotação do motivo de perda,SDR Persona: ,Mensagem RD Station,Volume de Compra Estimado,Quem são os principais fornecedores de vocês hoje?,Como funciona o processo de orçamento e aprovação por aí?,"Tem alguma dor ou dificuldade com os fornecedores atuais (prazos, qualidade, quantidade mínima)?",Vocês trabalham com fornecedor fixo ou estão buscando parceiros?,Contatos,Cargo,Email,Telefone
PIZZARIA BARAO DO RIO BRANCO LTDA,PIZZARIA BARAO DO RIO BRANCO LTDA,,SDR INTERNO - DEBORA,Perdidos,Perdida,Telefone incorreto e/ou não existe,0.0,0.0,Não,20/05/2026,14:38,21/05/2026,09:23,22/05/2026,09:04,,,,22/05/2026,09:04,,,Debora,"",,"","","","","","","","",PIZZARIA BARAO DO RIO BRANCO LTDA,,"",47991400070
BELLA PIZZA RESTAURANTE E EVENTOS LTDA,BELLA PIZZA RESTAURANTE E EVENTOS LTDA,,SDR INTERNO - DEBORA,Reunião Agendada,Em Andamento,Nada,0.0,0.0,Não,20/05/2026,14:38,21/05/2026,09:25,22/05/2026,09:32,,,,,,,,Debora,"",,,"","","","","","","",BELLA PIZZA RESTAURANTE E EVENTOS LTDA,,"",47999337174
E.M. DISTRIBUIDORA E COMERCIO DE ALIMENTOS LTDA,E.M. DISTRIBUIDORA E COMERCIO DE ALIMENTOS LTDA,,SDR INTERNO - DEBORA,Perdidos,Perdida,Cliente não tem interesse no momento,0.0,0.0,Não,20/05/2026,14:38,21/05/2026,09:30,21/05/2026,15:39,,,,21/05/2026,15:39,,,Debora,"",,"","","","","","","","",E.M. DISTRIBUIDORA E COMERCIO DE ALIMENTOS LTDA,,"",47988352088
SR PAO PANIFICACAO E ALIMENTOS CONGELADOS LTDA,SR PAO PANIFICACAO E ALIMENTOS CONGELADOS LTDA,,SDR INTERNO - DEBORA,Perdidos,Perdida,Cliente não tem interesse no momento,0.0,0.0,Não,20/05/2026,14:38,21/05/2026,09:40,26/05/2026,14:49,,,,26/05/2026,14:49,,,Debora,"",,"","","","","","","","",SR PAO PANIFICACAO E ALIMENTOS CONGELADOS LTDA,,"",47984330138
HERBER INDUSTRIA DE ARTEFATOS LTDA,HERBER INDUSTRIA DE ARTEFATOS LTDA,,SDR INTERNO - DEBORA,Perdidos,Perdida,Cliente não tem interesse no momento,0.0,0.0,Não,20/05/2026,14:38,21/05/2026,09:42,26/05/2026,10:37,,,,26/05/2026,10:37,,,Debora,"",,"","","","","","","","",HERBER INDUSTRIA DE ARTEFATOS LTDA,,"",4733761754
MICHELUZZI INDUSTRIA E COMERCIO DE FIOS E MALHAS LTDA,MICHELUZZI INDUSTRIA E COMERCIO DE FIOS E MALHAS LTDA,,SDR INTERNO - DEBORA,Perdidos,Perdida,Tentativas de contato esgotadas,0.0,0.0,Não,20/05/2026,14:38,21/05/2026,09:55,26/05/2026,14:50,,,,26/05/2026,14:50,,,Debora,"",,"","","","","","","","",MICHELUZZI INDUSTRIA E COMERCIO DE FIOS E MALHAS LTDA,,"",4732760791
TRADICAO COMERCIO DE ALIMENTOS LTDA,TRADICAO COMERCIO DE ALIMENTOS LTDA,,SDR INTERNO - DEBORA,Perdidos,Perdida,Tentativas de contato esgotadas,0.0,0.0,Não,20/05/2026,14:38,21/05/2026,10:07,26/05/2026,14:48,,,,26/05/2026,14:48,,,Debora,"",,"","","","","","","","",TRADICAO COMERCIO DE ALIMENTOS LTDA,,"",47988341932
STR FERRAMENTARIA LTDA,STR FERRAMENTARIA LTDA,,SDR INTERNO - DEBORA,Perdidos,Perdida,Cliente não tem interesse no momento,0.0,0.0,Não,18/05/2026,17:39,20/05/2026,10:57,26/05/2026,10:52,,,,26/05/2026,10:52,,,Debora,"",,"","","","","","","","",STR FERRAMENTARIA LTDA,,"",47991894696
KLEMPS MAQUINAS TEXTEIS LTDA,KLEMPS MAQUINAS TEXTEIS LTDA,,SDR INTERNO - DEBORA,Perdidos,Perdida,Cliente não tem interesse no momento,0.0,0.0,Não,18/05/2026,17:39,20/05/2026,10:48,26/05/2026,15:14,,,,26/05/2026,15:14,,,Debora,"",,"","","","","","","","",KLEMPS MAQUINAS TEXTEIS LTDA,,"",47991863900
PERSONALLYZZA BRASIL INDUSTRIA DE ACESSORIOS DO VESTUARIO LTDA,PERSONALLYZZA BRASIL INDUSTRIA DE ACESSORIOS DO VESTUARIO LTDA,,SDR INTERNO - DEBORA,Perdidos,Perdida,Cliente não tem interesse no momento,0.0,0.0,Não,18/05/2026,17:39,20/05/2026,10:54,20/05/2026,10:54,,,,20/05/2026,10:56,,,Debora,"",,"Usa apenas 100 caixas por mês, pouca demanda","","","","","","","",PERSONALLYZZA BRASIL INDUSTRIA DE ACESSORIOS DO VESTUARIO LTDA,,"",47999236090
LEISTUNG EQUIPAMENTOS LTDA.,LEISTUNG EQUIPAMENTOS LTDA.,,SDR INTERNO - DEBORA,Perdidos,Perdida,Tentativas de contato esgotadas,0.0,0.0,Não,18/05/2026,17:39,20/05/2026,14:28,26/05/2026,15:13,,,,26/05/2026,15:13,,,Debora,"",,"","","","","","","","",LEISTUNG EQUIPAMENTOS LTDA.,,compras@leistungbrasil.com.br,47999098902
PPP INDUSTRIA DE ALIMENTOS LTDA,PPP INDUSTRIA DE ALIMENTOS LTDA,,SDR INTERNO - DEBORA,Perdidos,Perdida,Telefone incorreto e/ou não existe,0.0,0.0,Não,18/05/2026,15:49,22/05/2026,09:29,26/05/2026,14:44,,,,26/05/2026,14:46,,,Debora,"",,"","","","","","","","",PPP INDUSTRIA DE ALIMENTOS LTDA,,"",47984551606
METALMARCHI USINAGEM LTDA,METALMARCHI USINAGEM LTDA,,SDR INTERNO - DEBORA,Perdidos,Perdida,Cliente não tem interesse no momento,0.0,0.0,Não,18/05/2026,15:49,22/05/2026,09:30,26/05/2026,15:39,,,,26/05/2026,15:39,,,Debora,"",,"","","","","","","","",METALMARCHI USINAGEM LTDA,,"",4730584433
OTS MULTILAR DISTRIBUIDORA DE ARMARINHOS LTDA,OTS MULTILAR DISTRIBUIDORA DE ARMARINHOS LTDA,,SDR INTERNO - DEBORA,Perdidos,Perdida,Cliente não tem interesse no momento,0.0,0.0,Não,14/05/2026,14:03,22/05/2026,10:43,26/05/2026,10:41,,,,26/05/2026,10:41,,,Debora,"",,"","","","","","","","",OTS MULTILAR DISTRIBUIDORA DE ARMARINHOS LTDA,,"",4733702821
OLHO VITAL INDUSTRIA E COMERCIO DE CONFECCOES LTDA,OLHO VITAL INDUSTRIA E COMERCIO DE CONFECCOES LTDA,,SDR INTERNO - DEBORA,Perdidos,Perdida,Tentativas de contato esgotadas,0.0,0.0,Não,14/05/2026,14:03,22/05/2026,10:38,26/05/2026,15:15,,,,26/05/2026,15:15,,,Debora,"",,"","","","","","","","",OLHO VITAL INDUSTRIA E COMERCIO DE CONFECCOES LTDA,,pcp5@olhofatal.com.br,47991778378
TEXTILFIO MALHAS LTDA,TEXTILFIO MALHAS LTDA,,SDR INTERNO - DEBORA,Qualificados,Em Andamento,Nada,0.0,0.0,Não,14/05/2026,14:03,,,,,,,,,,,,Debora,"",,,"","","","","","","",TEXTILFIO MALHAS LTDA,,"",47991975930
TORNEARIA GUIDO LTDA,TORNEARIA GUIDO LTDA,,SDR INTERNO - DEBORA,Perdidos,Perdida,Cliente não tem interesse no momento,0.0,0.0,Não,14/05/2026,14:03,22/05/2026,10:46,26/05/2026,11:58,,,,26/05/2026,11:58,,,Debora,"",,"","","","","","","","",TORNEARIA GUIDO LTDA,,"",47984973914
FEELING ESTOFADOS LTDA,FEELING ESTOFADOS LTDA,,SDR INTERNO - DEBORA,Qualificados,Em Andamento,Nada,0.0,0.0,Não,12/05/2026,15:30,,,,,,,,,,,,Debora,"",,,"","","","","","","",FEELING ESTOFADOS LTDA,,"",47996147904
BELL'ARTE INDUSTRIA DE ESTOFADOS LTDA,BELL'ARTE INDUSTRIA DE ESTOFADOS LTDA,,SDR INTERNO - DEBORA,Qualificados,Em Andamento,Nada,0.0,0.0,Não,12/05/2026,15:30,,,,,,,,,,,,Debora,"",,,"","","","","","","",BELL'ARTE INDUSTRIA DE ESTOFADOS LTDA,,"",4130772426
MADCORTE DESIGN LTDA,MADCORTE DESIGN LTDA,,SDR INTERNO - DEBORA,Qualificados,Em Andamento,Nada,0.0,0.0,Não,12/05/2026,15:30,,,,,,,,,,,,Debora,"",,,"","","","","","","",MADCORTE DESIGN LTDA,,"",47996021354
MOVEIS EING LTDA,MOVEIS EING LTDA,,SDR INTERNO - DEBORA,Qualificados,Em Andamento,Nada,0.0,0.0,Não,12/05/2026,15:30,,,,,,,,,,,,Debora,"",,,"","","","","","","",MOVEIS EING LTDA,,"",4733702962
DKR PROJETOS MARCENARIA LTDA,DKR PROJETOS MARCENARIA LTDA,,SDR INTERNO - DEBORA,Qualificados,Em Andamento,Nada,0.0,0.0,Não,12/05/2026,13:37,,,,,,,,,,,,Debora,"",,,"","","","","","","",DKR PROJETOS MARCENARIA LTDA,,"",47992115767
PLANEJAMOVEIS SOB MEDIDA LTDA,PLANEJAMOVEIS SOB MEDIDA LTDA,,SDR INTERNO - DEBORA,Qualificados,Em Andamento,Nada,0.0,0.0,Não,12/05/2026,13:37,,,,,,,,,,,,Debora,"",,,"","","","","","","",PLANEJAMOVEIS SOB MEDIDA LTDA,,"",47996688888
COMERCIO DE MOVEIS BARROS LTDA,COMERCIO DE MOVEIS BARROS LTDA,,SDR INTERNO - DEBORA,Qualificados,Em Andamento,Nada,0.0,0.0,Não,12/05/2026,13:37,,,,,,,,,,,,Debora,"",,,"","","","","","","",COMERCIO DE MOVEIS BARROS LTDA,,"",47984048134
MICASA FABRICACAO DE MOVEIS LTDA,MICASA FABRICACAO DE MOVEIS LTDA,,SDR INTERNO - DEBORA,Qualificados,Em Andamento,Nada,0.0,0.0,Não,12/05/2026,13:37,,,,,,,,,,,,Debora,"",,,"","","","","","","",MICASA FABRICACAO DE MOVEIS LTDA,,"",4732752775
MODELLE MODA INTIMA E FITNESS LTDA,MODELLE MODA INTIMA E FITNESS LTDA,,SDR INTERNO - DEBORA,Qualificados,Em Andamento,Nada,0.0,0.0,Não,12/05/2026,13:10,,,,,,,,,,,,Debora,"",,,"","","","","","","",MODELLE MODA INTIMA E FITNESS LTDA,,"",47991419417
MUSA AGROINDUSTRIA DE ALIMENTOS LTDA,MUSA AGROINDUSTRIA DE ALIMENTOS LTDA,,SDR INTERNO - DEBORA,Qualificados,Em Andamento,Nada,0.0,0.0,Não,12/05/2026,13:10,,,,,,,,,,,,Debora,"",,,"","","","","","","",MUSA AGROINDUSTRIA DE ALIMENTOS LTDA,,"",47991018769
SOMAWA COMERCIO DE BANANAS LTDA,SOMAWA COMERCIO DE BANANAS LTDA,,SDR INTERNO - DEBORA,Qualificados,Em Andamento,Nada,0.0,0.0,Não,12/05/2026,13:10,,,,,,,,,,,,Debora,"",,,"","","","","","","",SOMAWA COMERCIO DE BANANAS LTDA,,"",47984969297
PAULO RENATO POHREN FRUTAS E VERDURAS LTDA,PAULO RENATO POHREN FRUTAS E VERDURAS LTDA,,SDR INTERNO - DEBORA,Qualificados,Em Andamento,Nada,0.0,0.0,Não,12/05/2026,13:10,,,,,,,,,,,,Debora,"",,,"","","","","","","",PAULO RENATO POHREN FRUTAS E VERDURAS LTDA,,"",47991740536
DIAMANTEC IND. E COM. DE FERRAMENTAS LTDA,DIAMANTEC IND. E COM. DE FERRAMENTAS LTDA,,SDR INTERNO - DEBORA,Qualificados,Em Andamento,Nada,0.0,0.0,Não,11/05/2026,17:06,,,,,,,,,,,,Debora,"",,,"","","","","","","",DIAMANTEC IND. E COM. DE FERRAMENTAS LTDA,,"",47999774848
FERMAQ COMERCIO E MANUTENCAO LTDA,FERMAQ COMERCIO E MANUTENCAO LTDA,,SDR INTERNO - DEBORA,Qualificados,Em Andamento,Nada,0.0,0.0,Não,11/05/2026,17:06,,,,,,,,,,,,Debora,"",,,"","","","","","","",FERMAQ COMERCIO E MANUTENCAO LTDA,,"",47991479768
DREI K ELETROELETRONICA LTDA,DREI K ELETROELETRONICA LTDA,,SDR INTERNO - DEBORA,Reunião Agendada,Em Andamento,Nada,0.0,0.0,Não,18/05/2026,15:49,21/05/2026,15:31,21/05/2026,15:31,27/05/2026,09:00,,,,,,Debora,"",,,"","","","","","","",DREI K ELETROELETRONICA LTDA,,"",4747305846
E R M AGROCOMERCIAL LTDA,MUSA AGROINDUSTRIA DE ALIMENTOS LTDA,,SDR INTERNO - DEBORA,Em Contato,Em Andamento,Nada,0.0,0.0,Não,12/05/2026,13:10,,,,,27/05/2026,09:26,,,,,,Debora,"",,,"","","","","","","",MUSA AGROINDUSTRIA DE ALIMENTOS LTDA,,"",47991018769
 Paes Bueno Panificadora LTDA, Paes Bueno Panificadora LTDA,1,SDR INTERNO - DEBORA,Em Contato,Em Andamento,Nada,0.0,0.0,Não,26/05/2026,11:45,26/05/2026,11:45,26/05/2026,11:45,27/05/2026,09:30,,,,,,Debora,"",,,"","","","","","","",Diego,"","",47 99250-2210
PRO FITAS LTDA,PRO FITAS LTDA,,SDR INTERNO - DEBORA,Em Contato,Em Andamento,Nada,0.0,0.0,Não,20/05/2026,15:50,21/05/2026,09:14,26/05/2026,09:35,27/05/2026,09:35,,,,,,Debora,"",,,"","","","","","","",PRO FITAS LTDA,,"",47999461565
FENAPACK INDUSTRIA E COMERCIO DE PLASTICOS LTDA,FENAPACK INDUSTRIA E COMERCIO DE PLASTICOS LTDA,,SDR INTERNO - DEBORA,Reunião Agendada,Em Andamento,Nada,0.0,0.0,Não,20/05/2026,14:38,21/05/2026,09:17,22/05/2026,09:59,27/05/2026,10:00,,,,,,Debora,"",,,"","","","","","","",FENAPACK INDUSTRIA E COMERCIO DE PLASTICOS LTDA,,compras@wplast.com.br,19994055035
TEMPEREX INDUSTRIA E COMERCIO DE PRODUTOS ALIMENTICIOS LTDA,TEMPEREX INDUSTRIA E COMERCIO DE PRODUTOS ALIMENTICIOS LTDA,,SDR INTERNO - DEBORA,Em Contato,Em Andamento,Nada,0.0,0.0,Não,18/05/2026,15:49,21/05/2026,10:21,26/05/2026,10:45,27/05/2026,10:00,,,,,,Debora,"",,,"","","","","","","",TEMPEREX INDUSTRIA E COMERCIO DE PRODUTOS ALIMENTICIOS LTDA,,"",4733714821
DIMENSAO INDUSTRIA DO VESTUARIO LTDA,DIMENSAO INDUSTRIA DO VESTUARIO LTDA,,SDR INTERNO - DEBORA,Em Contato,Em Andamento,Nada,0.0,0.0,Não,18/05/2026,15:49,21/05/2026,10:32,26/05/2026,11:00,27/05/2026,10:00,,,,,,Debora,"",,,"","","","","","","",DIMENSAO INDUSTRIA DO VESTUARIO LTDA,,compras1@dimensao.ind.br,4737237515
USIROTA INDUSTRIA E COMERCIO ATACADISTA DE PECAS INDUSTRIAIS LTDA,USIROTA INDUSTRIA E COMERCIO ATACADISTA DE PECAS INDUSTRIAIS LTDA,,SDR INTERNO - DEBORA,Em Contato,Em Andamento,Nada,0.0,0.0,Não,18/05/2026,15:49,21/05/2026,15:35,26/05/2026,10:29,27/05/2026,10:29,,,,,,Debora,"",,,"","","","","","","",USIROTA INDUSTRIA E COMERCIO ATACADISTA DE PECAS INDUSTRIAIS LTDA,,orcamentos@usirotas.ind.br,4733745181
KALFELS INDUSTRIA E COMERCIO LTDA,KALFELS INDUSTRIA E COMERCIO LTDA,,SDR INTERNO - DEBORA,Reunião Agendada,Em Andamento,Nada,0.0,0.0,Não,20/05/2026,14:38,21/05/2026,09:44,26/05/2026,16:51,27/05/2026,11:00,,,,,,Debora,"",,,"","","","","","","",KALFELS INDUSTRIA E COMERCIO LTDA,,"",4732762008
WIPOOL INDUSTRIA E COMERCIO TEXTIL LTDA,WIPOOL INDUSTRIA E COMERCIO TEXTIL LTDA,,SDR INTERNO - DEBORA,Em Contato,Em Andamento,Nada,0.0,0.0,Não,18/05/2026,15:49,22/05/2026,09:15,26/05/2026,10:31,27/05/2026,14:00,,,,,,Debora,"",,,"","","","","","","",WIPOOL INDUSTRIA E COMERCIO TEXTIL LTDA,,"",47996281543
METALURGICA ZHZ LTDA,METALURGICA ZHZ LTDA,,SDR INTERNO - DEBORA,Em Contato,Em Andamento,Nada,0.0,0.0,Não,15/05/2026,14:47,21/05/2026,15:30,26/05/2026,15:47,27/05/2026,15:30,,,,,,Debora,"",,,"","","","","","","",METALURGICA ZHZ LTDA,,"",4733760314
TEXTIPAN INDUSTRIA E COMERCIO LTDA,TEXTIPAN INDUSTRIA E COMERCIO LTDA,,SDR INTERNO - DEBORA,Em Contato,Em Andamento,Nada,0.0,0.0,Não,14/05/2026,14:03,26/05/2026,11:54,26/05/2026,15:38,27/05/2026,15:38,,,,,,Debora,"",,,"","","","","","","",TEXTIPAN INDUSTRIA E COMERCIO LTDA,,"",47984974437
JG USINAGEM LTDA,JG USINAGEM LTDA,,SDR INTERNO - DEBORA,Em Contato,Em Andamento,Nada,0.0,0.0,Não,18/05/2026,15:49,22/05/2026,09:35,26/05/2026,15:42,27/05/2026,15:42,,,,,,Debora,"",,,"","","","","","","",JG USINAGEM LTDA,,"",47999945194
JARTEX INDUSTRIA TEXTIL LTDA,JARTEX INDUSTRIA TEXTIL LTDA,,SDR INTERNO - DEBORA,Em Contato,Em Andamento,Nada,0.0,0.0,Não,15/05/2026,11:37,22/05/2026,09:45,26/05/2026,15:45,27/05/2026,15:45,,,,,,Debora,"",,,"","","","","","","",JARTEX INDUSTRIA TEXTIL LTDA,,"",47991941002
Zefter Comercio Varejista LTDA,Zefter Comercio Varejista LTDA,1,SDR INTERNO - DEBORA,Reunião Agendada,Em Andamento,Nada,0.0,0.0,Não,26/05/2026,11:28,,,,,28/05/2026,09:30,,,,,,Debora,"",,,"","","","","","","",ZEFTER MÓVEIS,"","",47996110078
SCC ARTESANATOS LTDA,SCC ARTESANATOS LTDA,,SDR INTERNO - DEBORA,Em Contato,Em Andamento,Nada,0.0,0.0,Não,11/05/2026,17:06,26/05/2026,15:31,27/05/2026,09:06,28/05/2026,09:30,,,,,,Debora,"",,,"","","","","","","",SCC ARTESANATOS LTDA,,"",47992691569
POLIMERTEC IND. E COM. DE BORRACHAS LTDA,POLIMERTEC IND. E COM. DE BORRACHAS LTDA,,SDR INTERNO - DEBORA,Em Contato,Em Andamento,Nada,0.0,0.0,Não,18/05/2026,15:49,22/05/2026,09:40,27/05/2026,09:24,28/05/2026,14:30,,,,,,Debora,"",,,"","","","","","","",POLIMERTEC IND. E COM. DE BORRACHAS LTDA,,"",4733763726
STANNIS INDUSTRIA DE BEBIDAS LTDA,STANNIS INDUSTRIA DE BEBIDAS LTDA,,SDR INTERNO - DEBORA,Em Contato,Em Andamento,Nada,0.0,0.0,Não,15/05/2026,14:47,21/05/2026,09:23,21/05/2026,16:04,29/05/2026,10:00,,,,,,Debora,"",,,"","","","","","","",STANNIS INDUSTRIA DE BEBIDAS LTDA,,compras@stannis.com,4733736395
COOPERATIVA DA AGRICULTURA FAMILIAR RIO NOVO - CORUPA,COOPERATIVA DA AGRICULTURA FAMILIAR RIO NOVO - CORUPA,,SDR INTERNO - DEBORA,Reunião Agendada,Em Andamento,Nada,0.0,0.0,Não,12/05/2026,06:52,26/05/2026,15:55,26/05/2026,15:55,02/06/2026,11:00,,,,,,Debora,"",,,"","","","","","","",COOPERATIVA DA AGRICULTURA FAMILIAR RIO NOVO - CORUPA,,"",4738420088
